{"stats":{"minecraft:dropped":{"minecraft:barrier":1,"minecraft:torch":1,"minecraft:wooden_axe":1,"minecraft:wooden_sword":1},"minecraft:custom":{"minecraft:mob_kills":4,"minecraft:open_shulker_box":1,"minecraft:leave_game":5,"minecraft:time_since_death":296472,"minecraft:time_since_rest":296472,"minecraft:sprint_one_cm":46788,"minecraft:open_enderchest":1,"minecraft:walk_one_cm":196164,"minecraft:drop":4,"minecraft:damage_dealt":885,"minecraft:fly_one_cm":1214829,"minecraft:open_chest":9,"minecraft:crouch_one_cm":6926,"minecraft:play_time":296472,"minecraft:sneak_time":5987,"minecraft:jump":472,"minecraft:total_world_time":296472,"minecraft:fall_one_cm":1591},"minecraft:killed":{"minecraft:allay":4},"minecraft:used":{"minecraft:short_grass":3,"minecraft:oak_fence":6,"minecraft:oak_trapdoor":2,"minecraft:mossy_stone_bricks":7,"minecraft:jungle_leaves":2,"minecraft:light_blue_shulker_box":3,"minecraft:dirt_path":4,"minecraft:cobblestone_stairs":1,"minecraft:yellow_shulker_box":4,"minecraft:spruce_slab":72,"minecraft:polished_andesite":22,"minecraft:bone_block":1,"minecraft:light_gray_carpet":1,"minecraft:blue_wool":19,"minecraft:mossy_stone_brick_stairs":3,"minecraft:ender_chest":1,"minecraft:stone":6,"minecraft:composter":5,"minecraft:white_shulker_box":1,"minecraft:spruce_fence_gate":1,"minecraft:green_terracotta":19,"minecraft:cracked_stone_bricks":4,"minecraft:white_wool":75,"minecraft:torch":9,"minecraft:mossy_cobblestone":3,"minecraft:lime_terracotta":30,"minecraft:spyglass":3,"minecraft:terracotta":161,"minecraft:spruce_stairs":37,"minecraft:light_blue_wool":24,"minecraft:cobblestone_wall":3,"minecraft:light_gray_terracotta":49,"minecraft:stone_stairs":8,"minecraft:lime_shulker_box":3,"minecraft:gray_concrete":220,"minecraft:spruce_fence":90,"minecraft:cyan_wool":40,"minecraft:purple_concrete_powder":4,"minecraft:purple_stained_glass_pane":45,"minecraft:blue_stained_glass_pane":17,"minecraft:stone_brick_slab":1,"minecraft:green_concrete":13,"minecraft:cyan_terracotta":85,"minecraft:black_concrete":1,"minecraft:daylight_detector":1,"minecraft:cyan_shulker_box":1,"minecraft:dark_oak_log":40,"minecraft:light_gray_concrete":102,"minecraft:red_wool":1,"minecraft:lantern":3,"minecraft:grass_block":6,"minecraft:polished_andesite_stairs":8,"minecraft:rooted_dirt":12,"minecraft:barrier":19,"minecraft:oak_button":4,"minecraft:orange_shulker_box":1,"minecraft:green_wool":20,"minecraft:spruce_trapdoor":51,"minecraft:pink_stained_glass_pane":3,"minecraft:flowering_azalea_leaves":2,"minecraft:stone_brick_stairs":19,"minecraft:stone_bricks":54,"minecraft:magenta_stained_glass_pane":37,"minecraft:purple_concrete":2,"minecraft:wooden_sword":4,"minecraft:tall_grass":4,"minecraft:green_concrete_powder":209,"minecraft:andesite_stairs":2,"minecraft:coarse_dirt":130,"minecraft:magenta_shulker_box":2},"minecraft:picked_up":{"minecraft:wooden_axe":1,"minecraft:barrier":1,"minecraft:lantern":1,"minecraft:wooden_sword":1,"minecraft:stick":1,"minecraft:cherry_sapling":19,"minecraft:oak_button":1}},"DataVersion":3953}