{"stats":{"minecraft:picked_up":{"minecraft:stick":1,"minecraft:cherry_sapling":19},"minecraft:custom":{"minecraft:jump":66,"minecraft:open_chest":8,"minecraft:time_since_rest":78841,"minecraft:crouch_one_cm":69,"minecraft:leave_game":1,"minecraft:play_time":78841,"minecraft:sprint_one_cm":7590,"minecraft:time_since_death":78841,"minecraft:walk_one_cm":15079,"minecraft:sneak_time":454,"minecraft:total_world_time":78841,"minecraft:fall_one_cm":211,"minecraft:fly_one_cm":345187},"minecraft:used":{"minecraft:short_grass":3,"minecraft:coarse_dirt":102,"minecraft:tall_grass":3,"minecraft:red_wool":1,"minecraft:stone_bricks":19}},"DataVersion":3953}