{"stats":{"minecraft:picked_up":{"minecraft:stick":1,"minecraft:cherry_sapling":19},"minecraft:custom":{"minecraft:time_since_rest":102841,"minecraft:open_chest":8,"minecraft:crouch_one_cm":869,"minecraft:sprint_one_cm":10530,"minecraft:play_time":102841,"minecraft:walk_one_cm":23994,"minecraft:sneak_time":1694,"minecraft:drop":1,"minecraft:jump":142,"minecraft:leave_game":1,"minecraft:time_since_death":102841,"minecraft:total_world_time":102841,"minecraft:fall_one_cm":211,"minecraft:fly_one_cm":600479},"minecraft:used":{"minecraft:stone_bricks":24,"minecraft:green_terracotta":19,"minecraft:short_grass":3,"minecraft:torch":9,"minecraft:green_concrete":13,"minecraft:lime_terracotta":30,"minecraft:dirt_path":4,"minecraft:tall_grass":3,"minecraft:red_wool":1,"minecraft:grass_block":6,"minecraft:rooted_dirt":12,"minecraft:barrier":3,"minecraft:blue_wool":1,"minecraft:coarse_dirt":130},"minecraft:dropped":{"minecraft:torch":1}},"DataVersion":3953}