{"stats":{"minecraft:picked_up":{"minecraft:stick":1,"minecraft:cherry_sapling":19},"minecraft:custom":{"minecraft:time_since_rest":120841,"minecraft:open_chest":8,"minecraft:crouch_one_cm":1078,"minecraft:sprint_one_cm":12206,"minecraft:play_time":120841,"minecraft:walk_one_cm":34122,"minecraft:sneak_time":2536,"minecraft:drop":1,"minecraft:jump":185,"minecraft:leave_game":1,"minecraft:time_since_death":120841,"minecraft:total_world_time":120841,"minecraft:fall_one_cm":211,"minecraft:fly_one_cm":772015},"minecraft:used":{"minecraft:stone_bricks":24,"minecraft:oak_fence":6,"minecraft:green_terracotta":19,"minecraft:short_grass":3,"minecraft:stone_brick_slab":1,"minecraft:torch":9,"minecraft:green_concrete":13,"minecraft:jungle_leaves":2,"minecraft:cyan_terracotta":4,"minecraft:lime_terracotta":30,"minecraft:terracotta":6,"minecraft:dirt_path":4,"minecraft:tall_grass":3,"minecraft:red_wool":1,"minecraft:polished_andesite":1,"minecraft:green_concrete_powder":1,"minecraft:grass_block":6,"minecraft:rooted_dirt":12,"minecraft:cobblestone_wall":3,"minecraft:barrier":3,"minecraft:light_gray_terracotta":1,"minecraft:blue_wool":1,"minecraft:gray_concrete":6,"minecraft:coarse_dirt":130,"minecraft:composter":5,"minecraft:purple_concrete":2,"minecraft:purple_concrete_powder":4,"minecraft:stone_brick_stairs":1,"minecraft:flowering_azalea_leaves":2},"minecraft:dropped":{"minecraft:torch":1}},"DataVersion":3953}