{"stats":{"minecraft:picked_up":{"minecraft:stick":1,"minecraft:cherry_sapling":19},"minecraft:custom":{"minecraft:time_since_rest":132841,"minecraft:sprint_one_cm":16759,"minecraft:walk_one_cm":74149,"minecraft:drop":1,"minecraft:fly_one_cm":819594,"minecraft:open_chest":8,"minecraft:crouch_one_cm":3318,"minecraft:play_time":132841,"minecraft:sneak_time":3283,"minecraft:jump":205,"minecraft:leave_game":1,"minecraft:time_since_death":132841,"minecraft:total_world_time":132841,"minecraft:fall_one_cm":211},"minecraft:used":{"minecraft:short_grass":3,"minecraft:oak_fence":6,"minecraft:stone_brick_slab":1,"minecraft:green_concrete":13,"minecraft:jungle_leaves":2,"minecraft:cyan_terracotta":4,"minecraft:dirt_path":4,"minecraft:red_wool":1,"minecraft:grass_block":6,"minecraft:rooted_dirt":12,"minecraft:spruce_slab":29,"minecraft:polished_andesite":8,"minecraft:barrier":3,"minecraft:blue_wool":1,"minecraft:spruce_trapdoor":21,"minecraft:composter":5,"minecraft:spruce_fence_gate":1,"minecraft:flowering_azalea_leaves":2,"minecraft:stone_brick_stairs":1,"minecraft:stone_bricks":24,"minecraft:green_terracotta":19,"minecraft:white_wool":2,"minecraft:torch":9,"minecraft:purple_concrete":2,"minecraft:lime_terracotta":30,"minecraft:terracotta":6,"minecraft:tall_grass":3,"minecraft:spruce_stairs":19,"minecraft:light_gray_terracotta":1,"minecraft:cobblestone_wall":3,"minecraft:green_concrete_powder":6,"minecraft:gray_concrete":6,"minecraft:coarse_dirt":130,"minecraft:spruce_fence":17,"minecraft:purple_concrete_powder":4},"minecraft:dropped":{"minecraft:torch":1}},"DataVersion":3953}