{"stats":{"minecraft:picked_up":{"minecraft:stick":1,"minecraft:cherry_sapling":19},"minecraft:custom":{"minecraft:time_since_rest":168841,"minecraft:sprint_one_cm":19800,"minecraft:open_enderchest":1,"minecraft:walk_one_cm":107636,"minecraft:drop":1,"minecraft:fly_one_cm":955468,"minecraft:open_chest":8,"minecraft:crouch_one_cm":4047,"minecraft:play_time":168841,"minecraft:sneak_time":4167,"minecraft:jump":257,"minecraft:leave_game":1,"minecraft:time_since_death":168841,"minecraft:total_world_time":168841,"minecraft:fall_one_cm":964},"minecraft:used":{"minecraft:blue_stained_glass_pane":17,"minecraft:purple_stained_glass_pane":45,"minecraft:short_grass":3,"minecraft:oak_fence":6,"minecraft:stone_brick_slab":1,"minecraft:mossy_stone_bricks":5,"minecraft:green_concrete":13,"minecraft:jungle_leaves":2,"minecraft:cyan_terracotta":82,"minecraft:cobblestone_stairs":1,"minecraft:dirt_path":4,"minecraft:light_gray_concrete":102,"minecraft:red_wool":1,"minecraft:grass_block":6,"minecraft:rooted_dirt":12,"minecraft:spruce_slab":29,"minecraft:polished_andesite":14,"minecraft:barrier":11,"minecraft:polished_andesite_stairs":8,"minecraft:blue_wool":1,"minecraft:mossy_stone_brick_stairs":3,"minecraft:ender_chest":1,"minecraft:stone":4,"minecraft:spruce_trapdoor":21,"minecraft:composter":5,"minecraft:pink_stained_glass_pane":3,"minecraft:spruce_fence_gate":1,"minecraft:flowering_azalea_leaves":2,"minecraft:stone_brick_stairs":19,"minecraft:stone_bricks":38,"minecraft:green_terracotta":19,"minecraft:cracked_stone_bricks":3,"minecraft:magenta_stained_glass_pane":37,"minecraft:white_wool":2,"minecraft:torch":9,"minecraft:purple_concrete":2,"minecraft:lime_terracotta":30,"minecraft:terracotta":145,"minecraft:tall_grass":4,"minecraft:andesite_stairs":2,"minecraft:spruce_stairs":19,"minecraft:light_gray_terracotta":47,"minecraft:cobblestone_wall":3,"minecraft:green_concrete_powder":209,"minecraft:stone_stairs":8,"minecraft:gray_concrete":158,"minecraft:coarse_dirt":130,"minecraft:spruce_fence":18,"minecraft:purple_concrete_powder":4},"minecraft:dropped":{"minecraft:torch":1}},"DataVersion":3953}