{"stats":{"minecraft:used":{"minecraft:coarse_dirt":16,"minecraft:stone_bricks":1},"minecraft:custom":{"minecraft:jump":49,"minecraft:open_chest":8,"minecraft:time_since_rest":73203,"minecraft:crouch_one_cm":69,"minecraft:leave_game":1,"minecraft:play_time":73203,"minecraft:sprint_one_cm":6869,"minecraft:time_since_death":73203,"minecraft:walk_one_cm":8753,"minecraft:sneak_time":219,"minecraft:total_world_time":73203,"minecraft:fall_one_cm":211,"minecraft:fly_one_cm":298798},"minecraft:picked_up":{"minecraft:stick":1,"minecraft:cherry_sapling":19}},"DataVersion":3953}