{"stats":{"minecraft:picked_up":{"minecraft:stick":1,"minecraft:cherry_sapling":19},"minecraft:custom":{"minecraft:time_since_rest":90841,"minecraft:open_chest":8,"minecraft:crouch_one_cm":337,"minecraft:sprint_one_cm":9396,"minecraft:play_time":90841,"minecraft:walk_one_cm":20038,"minecraft:sneak_time":1205,"minecraft:drop":1,"minecraft:jump":91,"minecraft:leave_game":1,"minecraft:time_since_death":90841,"minecraft:total_world_time":90841,"minecraft:fall_one_cm":211,"minecraft:fly_one_cm":511946},"minecraft:used":{"minecraft:stone_bricks":24,"minecraft:short_grass":3,"minecraft:torch":9,"minecraft:tall_grass":3,"minecraft:red_wool":1,"minecraft:barrier":3,"minecraft:blue_wool":1,"minecraft:coarse_dirt":112},"minecraft:dropped":{"minecraft:torch":1}},"DataVersion":3953}