{"stats":{"minecraft:picked_up":{"minecraft:iron_leggings":1,"minecraft:firework_rocket":704,"minecraft:iron_chestplate":1,"minecraft:slime_ball":1},"minecraft:custom":{"minecraft:time_since_rest":16265,"minecraft:crouch_one_cm":305,"minecraft:deaths":16,"minecraft:play_time":17988,"minecraft:sprint_one_cm":25039,"minecraft:open_enderchest":4,"minecraft:damage_taken":10300,"minecraft:walk_one_cm":55442,"minecraft:sneak_time":179,"minecraft:mob_kills":1,"minecraft:drop":13,"minecraft:jump":157,"minecraft:damage_dealt":10,"minecraft:time_since_death":16163,"minecraft:total_world_time":17988,"minecraft:climb_one_cm":440,"minecraft:interact_with_crafting_table":1,"minecraft:fall_one_cm":109122,"minecraft:fly_one_cm":26695},"minecraft:killed":{"minecraft:slime":1},"minecraft:used":{"minecraft:firework_rocket":11},"minecraft:dropped":{"minecraft:iron_leggings":1,"minecraft:iron_chestplate":1,"minecraft:firework_rocket":704}},"DataVersion":3953}