{"stats":{"minecraft:picked_up":{"minecraft:iron_leggings":1,"minecraft:firework_rocket":1216,"minecraft:iron_chestplate":1,"minecraft:slime_ball":1},"minecraft:custom":{"minecraft:open_barrel":1,"minecraft:time_since_rest":28265,"minecraft:crouch_one_cm":428,"minecraft:deaths":16,"minecraft:play_time":29988,"minecraft:sprint_one_cm":35118,"minecraft:open_enderchest":4,"minecraft:damage_taken":10300,"minecraft:walk_one_cm":89558,"minecraft:sneak_time":237,"minecraft:mob_kills":1,"minecraft:drop":21,"minecraft:aviate_one_cm":511558,"minecraft:jump":201,"minecraft:damage_dealt":10,"minecraft:time_since_death":28163,"minecraft:total_world_time":29988,"minecraft:climb_one_cm":440,"minecraft:interact_with_crafting_table":1,"minecraft:fall_one_cm":117318,"minecraft:fly_one_cm":48746},"minecraft:killed":{"minecraft:slime":1},"minecraft:used":{"minecraft:firework_rocket":231,"minecraft:elytra":1},"minecraft:dropped":{"minecraft:iron_leggings":1,"minecraft:iron_chestplate":1,"minecraft:firework_rocket":1216}},"DataVersion":3953}