{"stats":{"minecraft:picked_up":{"minecraft:slime_ball":1},"minecraft:custom":{"minecraft:jump":72,"minecraft:time_since_rest":4265,"minecraft:damage_dealt":10,"minecraft:sprint_one_cm":13421,"minecraft:open_enderchest":3,"minecraft:walk_one_cm":23678,"minecraft:play_time":5988,"minecraft:damage_taken":10300,"minecraft:time_since_death":4163,"minecraft:deaths":16,"minecraft:climb_one_cm":440,"minecraft:sneak_time":44,"minecraft:total_world_time":5988,"minecraft:mob_kills":1,"minecraft:fall_one_cm":108226,"minecraft:fly_one_cm":6161},"minecraft:killed":{"minecraft:slime":1}},"DataVersion":3953}