{"stats":{"minecraft:picked_up":{"minecraft:iron_leggings":1,"minecraft:firework_rocket":1216,"minecraft:iron_chestplate":1,"minecraft:dried_kelp_block":1,"minecraft:slime_ball":1},"minecraft:custom":{"minecraft:open_barrel":1,"minecraft:time_since_rest":16248,"minecraft:crouch_one_cm":1194,"minecraft:deaths":17,"minecraft:play_time":51691,"minecraft:sprint_one_cm":46656,"minecraft:open_enderchest":4,"minecraft:damage_taken":10500,"minecraft:walk_one_cm":128413,"minecraft:sneak_time":1103,"minecraft:mob_kills":1,"minecraft:drop":21,"minecraft:aviate_one_cm":1063012,"minecraft:jump":243,"minecraft:damage_dealt":10,"minecraft:leave_game":1,"minecraft:time_since_death":16206,"minecraft:total_world_time":51691,"minecraft:climb_one_cm":440,"minecraft:interact_with_crafting_table":1,"minecraft:fall_one_cm":129962,"minecraft:fly_one_cm":64019},"minecraft:killed":{"minecraft:slime":1},"minecraft:used":{"minecraft:dried_kelp_block":1,"minecraft:firework_rocket":468,"minecraft:elytra":9},"minecraft:mined":{"minecraft:dried_kelp_block":1},"minecraft:dropped":{"minecraft:iron_leggings":1,"minecraft:iron_chestplate":1,"minecraft:firework_rocket":1216}},"DataVersion":3953}